Name,Price,Rating,Details,Image,Link
Girl's Floral Print Summer Dress Bowknot Ruched Bust A Line Cami Dress High Waist Ruffle Hem Cute Sun Dresses,$38.99 - $46.99,4.6,"Fabric type
95% Polyester, 5% Elastane
Care instructions
Machine Wash
Origin
Imported
Closure type
Pull On",https://m.media-amazon.com/images/I/611BSligsGL._AC_SY445_.jpg,https://www.amazon.com/RoseSeek-Smocked-Spaghetti-Bowknot-Dresses/dp/B0DCB9P659/ref=sr_1_5
Girl's Floral Summer Dress Ruffle Shirred High Waist Ruched Sweetheart A Line Spring Dress,$30.26,4.3,"Fabric type
95% Polyester, 5% Elastane
Care instructions
Machine Wash
Origin
Imported
Closure type
Pull On",https://m.media-amazon.com/images/I/71CaYxsLeqL._AC_SY445_.jpg,https://www.amazon.com/RoseSeek-Floral-Summer-Shirred-Sweetheart/dp/B0CYFRN4JL/ref=sr_1_6
Arshiner Girls Summer Dress Tie Strap Sleeveless Solid Color Square Neck Party Dresses 6-11 Y,$27.19 - $35.99,4.4,"Fabric type
93% Polyester, 7% Spandex
Care instructions
Hand Wash Only
Origin
Imported
Neck style
Square Neck",https://m.media-amazon.com/images/I/6125wZnPkxL._AC_SX342_.jpg,https://www.amazon.com/Arshiner-Sleeveless-Sundress-Princess-Birthday/dp/B0DQWHJKPP/ref=sr_1_7
Arshiner Girl's Contrast Mesh Puff Long Sleeve High Waist A Line Short Dress with Pockets for 6-13 Years,$35.99 - $40.99,4.5,"Fabric type
95% Polyester, 5% Spandex
Care instructions
Hand Wash Only
Origin
Imported
Closure type
Pull On",https://m.media-amazon.com/images/I/71ExhX3U1SL._AC_SX342_.jpg,https://www.amazon.com/Arshiner-Girls-Contrast-Sleeve-Pockets/dp/B0C8ML7CZ7/ref=sr_1_8
Uhnice Little Girl's Sequin Sleeveless Mesh Rainbow Dress for Wedding Party,$10.00,4.7,"Fabric type
65% Polyester, 35% Cotton
Care instructions
Hand Wash Only
Origin
Imported
Closure type
Zipper",https://m.media-amazon.com/images/I/71Qh2AMc66L._AC_SX342_.jpg,https://www.amazon.com/Uhnice-Little-Sleeveless-Rainbow-Wedding/dp/B08NT3NYJT/ref=sr_1_9
Flower Girls Tulle Dress Bridesmaid Sparkle Wedding Pageant Dresses Princess Birthday Party,$34.99 - $39.99,4.5,"Fabric type
Polyester, Cotton, Tulle, Mesh
Origin
Imported
Closure type
Zipper
Neck style
Crew Neck",https://m.media-amazon.com/images/I/719W8tqUArL._AC_SX385_.jpg,https://www.amazon.com/Wedding-Sparkly-Pageant-Princess-Bithday/dp/B0C5576CC5/ref=sr_1_10
Arshiner Girls Summer Tie Back Dress Tween Boho Casual Square Neck Flutter Sleeve Maxi Dresses with Pockets,$29.74,4.7,"Fabric type
97% Polyester, 3% Spandex
Care instructions
Machine Wash
Origin
Imported
Closure type
Pull On",https://m.media-amazon.com/images/I/71faR+i12IL._AC_SX342_.jpg,https://www.amazon.com/Arshiner-Dresses-Summer-Spring-Casual/dp/B0DWDLY6G9/ref=sr_1_15
Goranbon Girls' Summer Floral Dress Kids 2025 Puff Sleeve Square Neck Smocked Flowy Sun Dresses,$23.47,4.3,"Fabric type
97% Polyester, 3% Spandex
Care instructions
Hand Wash Only
Origin
Imported
Closure type
Pull On",https://m.media-amazon.com/images/I/71pU60IMehL._AC_SX342_.jpg,https://www.amazon.com/Goranbon-Summer-Floral-Smocked-Dresses/dp/B09P4WG356/ref=sr_1_16
"The Children's Place Girls Family Matching Dresses, Mommy and Me Casual Dress",$26.99,4.6,"Fabric type
100% Polyester
Care instructions
Machine Wash
Origin
Imported
Closure type
Pull On",https://m.media-amazon.com/images/I/71YWa8FQkML._AC_SX342_.jpg,https://www.amazon.com/Childrens-Place-Everyday-Sleeveless-Multicolor/dp/B0DJ9X1B4W/ref=sr_1_17
blibean Girls Summer Tie Back Dress Tween Kids Off Shoulder Dresses Size 4-15 Years,$19.99,4.7,"Fabric type
100% Polyester
Care instructions
Machine Wash
Origin
Imported
Closure type
Tie",https://m.media-amazon.com/images/I/61IsLTQPzML._AC_SY445_.jpg,https://www.amazon.com/blibean-Dresses-Shoulder-Clothing-Vestidos/dp/B0BMP5CLPR/ref=sr_1_18
French Toast Girls' Ruffle Pique Polo Dress,$9.99 - $11.99,4.7,"Fabric type
60% Cotton, 40% Polyester
Care instructions
Machine Wash
Origin
Imported
Closure type
Button",https://m.media-amazon.com/images/I/81S+MFNreCL._AC_SX385_.jpg,https://www.amazon.com/French-Toast-Girls-Ruffle-Medium/dp/B01A7IBQBG/ref=sr_1_23
Disney Junior 2 Pack Skater Dresses Infant to Big Kid Sizes (18 Months - 14-16),$26.99,4.7,"Fabric type
95% Polyester, 5% Spandex
Care instructions
Machine Wash null
Origin
Imported
Closure type
Pull On",https://m.media-amazon.com/images/I/714ScKr-qBL._AC_SX385_.jpg,https://www.amazon.com/Disney-Stitch-Little-Skater-Dresses/dp/B0CM6WXLYY/ref=sr_1_24
The Children's Place Girls' Short Sleeve Smocked Summer Dresses,$11.10 - $18.48,4.6,"Fabric type
100% Rayon
Care instructions
Machine Wash
Origin
Imported
Closure type
Pull On",https://m.media-amazon.com/images/I/81O3zXMkrrL._AC_SX342_.jpg,https://www.amazon.com/Childrens-Place-Sleeve-Smocked-Dresses/dp/B0DJB9P8SN/ref=sr_1_25
The Children's Place Girls' Short Sleeve Dressy Dress,$12.48,4.6,"Fabric type
92% Polyester, 8% Spandex
Care instructions
Machine Wash
Origin
Imported
Closure type
Pull On",https://m.media-amazon.com/images/I/71itJ8XfRqL._AC_SX342_.jpg,https://www.amazon.com/Childrens-Place-Sleeve-Dressy-Dresses/dp/B0DJ9YTDKT/ref=sr_1_26
Gymboree Girls' Sleeveless Dress,$18.78 - $27.70,4.7,"Fabric type
59% Cotton, 36% Polyester, 5% Spandex
Care instructions
Machine Wash
Origin
Imported
Closure type
Button",https://m.media-amazon.com/images/I/71MiuhHn9BL._AC_SX342_.jpg,https://www.amazon.com/Gymboree-Toddler-Sleeveless-Summer-Dresses/dp/B0DJMR1LZY/ref=sr_1_27
"Amazon Essentials Girls and Toddlers' Knit Sleeveless Tank Play Dress, Pack of 2",$13.93 - $19.00,4.7,"Fabric type
100% Cotton
Care instructions
Machine Wash Warm, Tumble Dry Low
Origin
Imported
Closure type
Pull On",https://m.media-amazon.com/images/I/71qOaeEFBiS._AC_SX342_.jpg,https://www.amazon.com/Amazon-Essentials-Girls-2-Pack-Dress/dp/B07HS75RW9/ref=sr_1_28
The Children's Place Girls' Short Sleeve Casual Everyday Dresses,$19.99,4.5,"Fabric type
60% Cotton, 40% Polyester
Care instructions
Machine Wash
Origin
Imported
Closure type
Pull On",https://m.media-amazon.com/images/I/71PTEdGh4xL._AC_SX342_.jpg,https://www.amazon.com/Childrens-Place-Everday-Dresses-Seagrove/dp/B0DJ9Z3Y56/ref=sr_1_29
The Children's Place Girls' Long Sleeve Dressy Dresses,$13.77 - $19.05,4.7,"Fabric type
54% Cotton, 46% Polyester
Care instructions
Machine Wash
Origin
Imported
Closure type
Pull On",https://m.media-amazon.com/images/I/812Nu0Uv45L._AC_SX342_.jpg,https://www.amazon.com/Childrens-Place-Sleeve-Fashion-Butterfly/dp/B0BMDD7TNH/ref=sr_1_30
blibean Tween Girls 2025 Summer Dresses Kids Polka Dot Dress Size 6-15 Years,$26.08,4.6,"Fabric type
Chiffon
Care instructions
Machine Wash
Origin
Imported
Closure type
Pull On",https://m.media-amazon.com/images/I/71hqn6ZBMKL._AC_SY445_.jpg,https://www.amazon.com/blibean-Chiffon-Dresses-Homecoming-Vestidos/dp/B0DKXKH9J8/ref=sr_1_31
"Calvin Klein Girls' Sleeveless Party Dress, Fit and Flare Silhouette, Round Neckline & Back Zip Closure",$17.65 - $48.00,4.6,"Fabric type
94% Polyester, 6% Spandex
Care instructions
Machine Wash
Origin
Imported
Closure type
Zipper",https://m.media-amazon.com/images/I/71CvNrJE28L._AC_SX342_.jpg,https://www.amazon.com/Calvin-Klein-Sleeveless-Silhouette-Neckline/dp/B097CMMDBK/ref=sr_1_32
Sinhoon Toddler Girl Tulle Dress Summer Ruffle Sleeveless Baby Girl Fashion Casual Dresses 1-6Y,$11.00 - $19.99,4.5,"Fabric type
65% Polyester, 35% Cotton
Care instructions
Machine Wash
Origin
Imported",https://m.media-amazon.com/images/I/71BR+SAIzvL._AC_SX385_.jpg,https://www.amazon.com/Toddler-Summer-Sleeveless-Fashion-Dresses/dp/B0CSDHQ59W/ref=sr_1_33
PATPAT Toddler Girl Floral Skater Multipack Dresses 3-Pack Polka Dots Short Sleeve Priness A-line Dress,$24.97,4.7,"Fabric type
Solid: Polyester 62% Cotton 33% Spandex 5%; Colorful: Polyester 95% Spandex 5%
Care instructions
Machine Wash
Origin
Imported
Closure type
Pull On",https://m.media-amazon.com/images/I/71prXbPhbPL._AC_SY445_.jpg,https://www.amazon.com/PatPat-Toddler-Multipack-Dresses-Priness/dp/B08X65BB2T/ref=sr_1_34
Newffr Girl's Halter Neck Sleeveless Summer Dress Tie Waist A-line Sundress Mini Swing Pleated Dress for Girls 4-12,$30.67 - $33.99,4.4,"Fabric type
100% Polyester
Care instructions
Machine Wash, Hand Wash Only
Origin
Imported
Closure type
Pull On",https://m.media-amazon.com/images/I/61y6NLXb9UL._AC_SX342_.jpg,https://www.amazon.com/Newffr-Halter-Sleeveless-Sundress-Pleated/dp/B0C4GHHFD9/ref=sr_1_35
GRACE KARIN Girls Summer Floral Dress Sleeveless Double Layer Hem Sundress Holiday Casual Dress 6-12Y,$28.99,4.7,"Fabric type
95% Polyester, 5% Elastane
Care instructions
Machine Wash
Origin
Imported
Closure type
Pull On",https://m.media-amazon.com/images/I/71th0T+0jaL._AC_SX342_.jpg,https://www.amazon.com/GRACE-KARIN-Sundress-Sleeveless-Holiday/dp/B0DRZX5DLN/ref=sr_1_36
French Connection Girls All Over Print Soft Casual Dress - Flutter Sleeve Ruffle Floral Print Summer Sundress for Kids,$9.09 - $19.99,4.4,"Fabric type
100% Rayon
Care instructions
Machine Wash
Origin
Made in USA or Imported
Closure type
Pull On",https://m.media-amazon.com/images/I/81eivaupxnL._AC_SX385_.jpg,https://www.amazon.com/French-Connection-Girls-Print-Casual/dp/B0DQ5JFC3L/ref=sr_1_37
Tween Girls Dresses Halter Tie Back Tiered Ruffle A-Line Flowy Dress Summer Sleeveless Sundress Size 5-14 Years,$23.99,4.8,"Fabric type
98% Polyester, 2% Viscose
Care instructions
Machine Wash
Origin
Imported
Closure type
Tie",https://m.media-amazon.com/images/I/61yzusuMwOL._AC_SX342_.jpg,https://www.amazon.com/Dresses-Backless-Chiffon-Elegant-Birthday/dp/B0DY76RSY4/ref=sr_1_38
Haloumoning Girls Ruffle Sleeve Dresses Kids Summer Crewneck A Line Casual Dress 5-14 Years,$22.99,4.5,"Fabric type
61%Polyester, 33%Cotton, 6%Elastane
Care instructions
Machine Wash
Origin
Imported
Closure type
Pull On",https://m.media-amazon.com/images/I/61G51U2MrML._AC_SY445_.jpg,https://www.amazon.com/Haloumoning-Ruffle-Sleeve-Dresses-Crewneck/dp/B0DNPY2SFV/ref=sr_1_39
Danna Belle Girls Dress Tween One Shoulder Ruffle Tiered Layer Summer Party Dress Clothes Gifts Size 5-14,$31.17,4.7,"Fabric type
95% Polyester, 5% Elastane
Care instructions
Machine Wash
Origin
Imported
Neck style
One Shoulder Neck",https://m.media-amazon.com/images/I/71iWoY8IF5L._AC_SX342_.jpg,https://www.amazon.com/Danna-Belle-Summer-Shoulder-Layered/dp/B0BPXPTZJZ/ref=sr_1_40
GRACE KARIN Girls Summer Sleeveless Ruffle Dress Swiss Dot Spring Sundress Flowing Tiered Layers Midi Casual Dress 5-12Y,$24.28,4.8,"Fabric type
98% Polyester, 2% Viscose
Care instructions
Machine Wash
Origin
Imported
Closure type
Pull On",https://m.media-amazon.com/images/I/71wEU6Mj8RL._AC_SX342_.jpg,https://www.amazon.com/GRACE-KARIN-Sleeveless-Sundress-Flowing/dp/B0DR7QSGPT/ref=sr_1_41
Move Dance Girls Halter Neck Dress Summer Flared A-Line Swiss Dot Chiffon Sundress 6-13 Years Old,$24.98,4.5,"Fabric type
95% Polyester, 5% Spandex
Care instructions
Machine Wash
Origin
Imported
Closure type
Tie",https://m.media-amazon.com/images/I/610oSJSQOKL._AC_SY445_.jpg,https://www.amazon.com/Move-Dance-Sundress-Sleeveless-Layered/dp/B0CW9RWPCX/ref=sr_1_42
Girls Bohemian Dresses Floral Sleeveless Rainbow Beach Sundress with Necklace 2-12T,$14.99,4.4,"Fabric type
Cotton blend
Origin
Imported
Closure type
Pull On
Neck style
Boat Neck",https://m.media-amazon.com/images/I/61QiXwfHhdL._AC_SX342_.jpg,https://www.amazon.com/Flenwgo-Bohemian-Sleeveless-Rainbow-Beach-Sundress/dp/B07RZFFYL2/ref=sr_1_43
The Children's Place Girls' Short Sleeve Cold Shoulder Dress,$14.38 - $20.74,4.5,"Fabric type
100% Rayon
Care instructions
Machine Wash
Origin
Imported
Closure type
Pull On",https://m.media-amazon.com/images/I/81IKDh9yX9L._AC_SX342_.jpg,https://www.amazon.com/Childrens-Place-Special-Occasion-Shoulder/dp/B0CKWKBGS1/ref=sr_1_44
"YJ.GWL Western Dress Girls, Denim Tops Flower Girl Dress, Princess Dresses for Girls, Party Dresses for Girls 3-14 Years",$27.98 - $34.97,4.5,"Fabric type
Polyester
Care instructions
Machine Wash
Origin
Imported
Closure type
Pull On",https://m.media-amazon.com/images/I/71LJgZcBJVL._AC_SX342_.jpg,https://www.amazon.com/YJ-GWL-Dresses-Floral-Fahion-Clothes/dp/B00Z6KGFQM/ref=sr_1_45
Haloumoning Girls Dress Summer Ruffle Sleeve Mesh A Line Casual Party Dresses with Pockets for Kids 4-14 Years,$28.04,4.5,"Fabric type
92% Polyester, 8% Elastanes
Care instructions
Machine Wash
Origin
Imported
Closure type
Pull On",https://m.media-amazon.com/images/I/61NBU0d5Z0L._AC_SY445_.jpg,https://www.amazon.com/Haloumoning-Summer-Ruffle-Dresses-Pockets/dp/B0DQZR4CT8/ref=sr_1_46
GRACE KARIN Girl Summer Birthday Party Dress Ruffle Tiered Tulle Princess Prom Dress Size 5-12,$25.98,4.3,"Fabric type
95%Polyamide,5%Elastane
Care instructions
Machine Wash
Origin
Imported
Closure type
Pull On",https://m.media-amazon.com/images/I/71byKa6FYoL._AC_SX342_.jpg,https://www.amazon.com/GRACE-KARIN-Summer-Ruffle-Sleeve/dp/B0CPS43LFR/ref=sr_1_47
GRACE KARIN Girls Floral Dress Tie Back Flutter Sleeves Casual Summer Dress for 5-12Y,$22.98,4.6,"Fabric type
95% Polyester, 5% Elastane
Care instructions
Machine Wash
Origin
Imported
Closure type
Pull On",https://m.media-amazon.com/images/I/81nWQVLTL5L._AC_SX342_.jpg,https://www.amazon.com/GRACE-KARIN-Casual-Spring-Flutter/dp/B0CNRCP151/ref=sr_1_48
Haloumoning Girls Tutu Dress Ruffle Short Sleeve Fluffy Summer Party Tulle Dress for Kids 5-14Y,$30.87,4.4,"Fabric type
100% Nylon
Care instructions
Machine Wash
Origin
Imported
Closure type
Pull On",https://m.media-amazon.com/images/I/613h7LPlXjL._AC_SY445_.jpg,https://www.amazon.com/Haloumoning-Ruffle-Sleeve-Fluffy-Summer/dp/B0D14KFWNP/ref=sr_1_49
Arshiner Toddler Tutu Dress Girls Fluffy Tiered Summer Dresses Cute Party Tulle Sundress for Kids 2-7Y,$14.99 - $19.99,4.5,"Fabric type
60% Polyester, 35% Cotton, 5% Spandex
Care instructions
Hand Wash Only
Origin
Imported
Closure type
Tie",https://m.media-amazon.com/images/I/71OnP1t2ciL._AC_SX342_.jpg,https://www.amazon.com/Arshiner-Toddler-Dresses-Funeral-Sundress/dp/B0CQYM84WF/ref=sr_1_50
Arshiner Toddler Tutu Dress Little Girls Fluffy Summer Dresses Casual Party Tulle Sundress for Kids 2-6Y,$17.99,4.5,"Fabric type
100% Polyester
Care instructions
Machine Wash
Origin
Imported
Closure type
Pull On",https://m.media-amazon.com/images/I/710+kpk8snL._AC_SX342_.jpg,https://www.amazon.com/Arshiner-Toddler-Little-Dresses-Butterfly/dp/B0C6V4BWRX/ref=sr_1_51
blibean Girls Summer Dress Tween Floral Boho Dresses Size 4-13 Years,$22.68,4.5,"Fabric type
100% Polyester
Care instructions
Machine Wash
Origin
Imported
Closure type
Pull On",https://m.media-amazon.com/images/I/71pFJWSITTL._AC_SY445_.jpg,https://www.amazon.com/blibean-Dresses-Clothes-Clothing-Vestidos/dp/B0C3H4PNJB/ref=sr_1_52
PATPAT Girls Short Sleeve Dresses Skater Twirly Stretch A-line Toddler Casual Swing Dress,$9.99 - $14.99,4.7,"Fabric type
Solid: 62% Polyester, 33% Cotton, 5% Spandex; Patterned:95% Polyester, 5% Spandex
Care instructions
Machine Wash
Origin
Imported
Closure type
Pull On",https://m.media-amazon.com/images/I/61IR6gdVd4L._AC_SY445_.jpg,https://www.amazon.com/PATPAT-Dresses-Stretch-Toddler-Nonpareil/dp/B0CXQ1F65P/ref=sr_1_53
Poroka Girls Ruffle Sleeve Dress Tiered Swing A-Line Twirly Skater Dresses Kids Midi Casual Summer Sundress with Pockets,$6.99 - $11.99,4.8,"Fabric type
Solid and Color-Block: 100% Cotton; Printed: 95% Polyester+5% Spandex
Origin
Imported",https://m.media-amazon.com/images/I/71cWtl7u0wL._AC_SY445_.jpg,https://www.amazon.com/Poroka-Ruffle-Dresses-Sundress-Pockets/dp/B0DQDBVPLN/ref=sr_1_54
Speechless Girls' High Neck Romper Maxi Walk-Through Party Dress,$26.72 - $36.99,4.5,"Fabric type
100% Polyester
Care instructions
Hand Wash Only
Origin
Imported",https://m.media-amazon.com/images/I/81InaRTuLqL._AC_SY445_.jpg,https://www.amazon.com/Speechless-Girls-Romper-Dress-Radiance/dp/B07R89KM8Z/ref=sr_1_55
Girls Dresses Summer Formal Party Wedding Ruffle Sleeve Mesh A Line Dress with Pockets,$24.48,4.6,"Fabric type
95% Polyester, 5% Spandex
Care instructions
Machine Wash
Origin
Imported
Closure type
Pull On",https://m.media-amazon.com/images/I/611USkLjc2L._AC_SX342_.jpg,https://www.amazon.com/Flypigs-Special-Occasion-Wedding-Dresses/dp/B0D7ZZZN9V/ref=sr_1_56
GRACE KARIN Girls Fall Long Sleeve Dress Formal Party Holiday Smocked Waist Midi Dresses 5-12Years,$29.99 - $32.99,4.5,"Fabric type
98% Polyester, 2% Viscose
Care instructions
Machine Wash
Origin
Imported
Closure type
Tie",https://m.media-amazon.com/images/I/71h1O4DeffL._AC_SY445_.jpg,https://www.amazon.com/GRACE-KARIN-Juinor-Dresses-Holiday/dp/B0D6G31FMY/ref=sr_1_57
Gymboree Girls' and Toddler Short Sleeve Smocked Dresses,$22.68,4.8,"Fabric type
100% Polyester
Care instructions
Machine Wash
Origin
Imported
Closure type
Pull On",https://m.media-amazon.com/images/I/91ensQWEfuL._AC_SX342_.jpg,https://www.amazon.com/Gymboree-Toddler-Short-Sleeve-Dresses/dp/B0CJG647GF/ref=sr_1_58
"Simple Joys by Carter's Girls' Short-Sleeve and Sleeveless Dress Sets, Pack of 2",$18.49 - $24.00,4.8,"Care instructions
Machine Wash
Origin
Imported
Closure type
Pull On
Neck style
Round Neck",https://m.media-amazon.com/images/I/81PF9JeKlvL._AC_SY445_.jpg,https://www.amazon.com/Simple-Joys-Carters-Short-Sleeve-Sleeveless/dp/B0BL8659PX/ref=sr_1_59
HILEELANG Little Girls Cotton Dress Sleeveless Casual Summer Sundress Flower Printed Jumper Skirt,$18.88,4.3,"Fabric type
100% Cotton
Care instructions
Machine Wash
Origin
Imported
Closure type
Pull On",https://m.media-amazon.com/images/I/71j-P58YU8L._AC_SX385_.jpg,https://www.amazon.com/HILEELANG-Sleeveless-Sundress-Printed-greenpeacock/dp/B07CSQYTSY/ref=sr_1_60
GRACE KARIN Girls Floral Smock Dress Flutter Sleeves Flowing Tiered Layers Spring Summer Midi Holiday Boho Dresses 5-12Y,$25.18,4.3,"Fabric type
95% Polyester, 5% Elastane
Care instructions
Machine Wash
Origin
Imported
Closure type
Pull On",https://m.media-amazon.com/images/I/71Ko4iKycML._AC_SX342_.jpg,https://www.amazon.com/GRACE-KARIN-Flutter-Sleeves-Birthday/dp/B0DNVNY18Y/ref=sr_1_53
GRACE KARIN Girls Sequin Dress One Sleeve Formal Pageant Prom Party Dresses Size 5-14,$38.69,4.6,"Fabric type
100% Polyester
Care instructions
Hand Wash Only
Origin
Imported
Closure type
Zipper",https://m.media-amazon.com/images/I/61yLww3-baL._AC_SX385_.jpg,https://www.amazon.com/GRACE-KARIN-Sparkly-Birthday-Dresses/dp/B0D6R9N295/ref=sr_1_54
Gymboree Girls and Toddler Short Sleeve Fit and Flare Dresses,$32.07 - $34.56,4.6,"Fabric type
100% Cotton
Care instructions
Machine Wash
Origin
Imported
Closure type
Pull On",https://m.media-amazon.com/images/I/81L1WPyvZBL._AC_SX342_.jpg,https://www.amazon.com/Gymboree-Toddler-Sleeve-Dresses-Flowers/dp/B0DJMQGK2T/ref=sr_1_55
"The Children's Place,and Toddler Short Sleeve Dressy Dress",$8.30,4.7,"Fabric type
100% Polyester
Care instructions
Machine Wash
Origin
Imported
Closure type
Pull On",https://m.media-amazon.com/images/I/81-NUklFe2L._AC_SX342_.jpg,https://www.amazon.com/Childrens-Place-Baby-Girls-Toddler-Dresses/dp/B0DJ9ZSQQL/ref=sr_1_56
blibean Tween Girls Summer High Low Boho Dresses Size 4-15 Years,$23.47,4.5,"Fabric type
60%Polyester+35%Viscose+5%Elastane
Care instructions
Machine Wash
Origin
Imported
Closure type
Pull On",https://m.media-amazon.com/images/I/61h2HXVRVSL._AC_SY445_.jpg,https://www.amazon.com/blibean-Sleeve-Dresses-Outfits-Clothes/dp/B0BWJRDH7W/ref=sr_1_57
EXARUS Girls Spaghetti Strap/Long Sleeve Special Occasion Bodycon Ruched Dresses Teen Party Formal Graduation Dance,$33.99,4.4,"Fabric type
90% Polyester, 10% Spandex, Mesh
Care instructions
Hand Wash Only
Origin
Imported
Closure type
Pull On",https://m.media-amazon.com/images/I/61sh1Ck0DmL._AC_SY445_.jpg,https://www.amazon.com/EXARUS-Sleeve-Bodycon-Summer-Dresses/dp/B0CRDWFSY2/ref=sr_1_58
Haloumoning Girls Dresses Kids Summer Double Layer Ruffle Sleeve Dress 5-14 Years,$25.63,4.4,"Fabric type
100% Polyester
Care instructions
Machine Wash
Origin
Imported
Closure type
Pull On",https://m.media-amazon.com/images/I/61LGO6vQbpL._AC_SY445_.jpg,https://www.amazon.com/Haloumoning-Dresses-Summer-Double-Ruffle/dp/B0DP4HQGVZ/ref=sr_1_53
blibean Teen Girls Flower Dresses Semi Formal Sleeveless Wedding Dress Size 6-15 Years,$33.28,4.5,"Fabric type
100% Polyester
Care instructions
Machine Wash
Origin
Imported
Closure type
Button",https://m.media-amazon.com/images/I/61xH7UJXVlL._AC_SY445_.jpg,https://www.amazon.com/blibean-Fashion-Sleeveless-Dresses-Bridesmaid/dp/B0DH16WZ41/ref=sr_1_54
The Children's Place Girls' Casual Sleeveless Tiered Dresses,$29.99,4.8,"Fabric type
100% Cotton
Care instructions
Machine Wash
Origin
Imported
Closure type
Pull On",https://m.media-amazon.com/images/I/81zXkx5QvfL._AC_SX342_.jpg,https://www.amazon.com/Childrens-Place-Casual-Sleeveless-Dresses/dp/B0DS6CL569/ref=sr_1_55
PATPAT Multipack Girl Toddler Dresses Sleeveless Flamingo Striped Toddler Casual Dresses,$26.09 - $29.96,4.7,"Fabric type
Solid Color:94% Cotton, 6% Spandex Colorful:95% Polyester, 5% Spandex
Care instructions
Machine Wash
Origin
Imported
Closure type
Pull On",https://m.media-amazon.com/images/I/71MRX-Kaz8L._AC_SY445_.jpg,https://www.amazon.com/PATPAT-Toddler-Multipack-Dresses-Priness/dp/B08ZSDQ7XB/ref=sr_1_56
GORLYA Girl's Short Sleeve Floral Print Loose Casual Long Maxi Dress with Pockets 4-12 Years,$19.54,4.7,"Fabric type
100% Polyester
Care instructions
Machine Wash, Hand Wash Only
Origin
Imported
Closure type
Pull On",https://m.media-amazon.com/images/I/61VRLXa74WS._AC_SY445_.jpg,https://www.amazon.com/GORLYA-Sleeve-Holiday-Pockets-12-13Years/dp/B094FVHGLJ/ref=sr_1_61
Batermoon Girls Long Sleeve Tie Back Dress Kids Fall Square Neck A-Line Mini Dresses 5-14 Years,$20.78 - $24.79,4.5,"Fabric type
100% Polyester
Care instructions
Machine Wash
Origin
Imported
Closure type
Pull On",https://m.media-amazon.com/images/I/61KDVEE6AoL._AC_SY445_.jpg,https://www.amazon.com/Dresses-Sleeve-Square-Ruffle-Purple/dp/B0CX18DWC7/ref=sr_1_62
Toddler Girls Spring Dress Little Girl Rainbow Summer Dresses for Girls Sleeveless Sundress with Bag Outfits,$9.99,4.5,"Fabric type
Cotton Blend
Care instructions
Machine Wash
Origin
Imported
Closure type
Pull On",https://m.media-amazon.com/images/I/61c05gN51TL._AC_SX342_.jpg,https://www.amazon.com/Mioglrie-Toddler-Dresses-Sleeveless-Sundress/dp/B0DS7SY1BW/ref=sr_1_63
Young Girl Easter Dress Graduation Short Sleeve Summer Casual Tie Back Princess Style Dress,$25.18,4.4,"Fabric type
100% Cotton
Care instructions
Machine Wash
Origin
Imported
Closure type
Pull On",https://m.media-amazon.com/images/I/61f2yLxd7TL._AC_SX385_.jpg,https://www.amazon.com/HILEELANG-Easter-Graduation-Princess-Elegant/dp/B0DRHQHVR8/ref=sr_1_64
blibean Teen Girls Dresses Kids Double Layer Ruffle Sleeve Dress Size 6-15 Years,$30.26,4.7,"Fabric type
100% Polyester
Care instructions
Machine Wash
Origin
Imported
Closure type
Pull On",https://m.media-amazon.com/images/I/61Af0oIlZAL._AC_SY445_.jpg,https://www.amazon.com/blibean-Preteen-Dresses-Outfits-10T-11T/dp/B0CNSLQZ3M/ref=sr_1_65
Arshiner Girls Dresses Flutter Sleeve A-Line Sundress Casual Summer Tiered Swing Midi Pocket Dress,$29.99 - $34.99,4.6,"Fabric type
60% Polyester, 35% Cotton, 5% Spandex
Care instructions
Machine Wash
Origin
Imported
Closure type
Pull On",https://m.media-amazon.com/images/I/81L-R1G38QL._AC_SX342_.jpg,https://www.amazon.com/Arshiner-Spring-Floral-Flutter-Sleeve/dp/B0CR66X5XL/ref=sr_1_66
Arshiner Girl's Summer Dresses Ruffle Sleeve Tiered Swing Midi Casual Sundress with Pockets,$19.99 - $25.99,4.7,"Fabric type
Cotton & Polyester
Care instructions
Machine Wash
Origin
Imported
Closure type
Pull On",https://m.media-amazon.com/images/I/71+LSP1q+gL._AC_SX342_.jpg,https://www.amazon.com/Arshiner-Summer-Sleeveless-Pleated-Colorblock/dp/B0BPLGK5Q5/ref=sr_1_67
blibean Girls Long Sleeve Tie Back Dress Tween Fall Off Shoulder Dress Size 6-15 Years,$24.79,4.7,"Fabric type
100% Polyester
Care instructions
Machine Wash
Origin
Imported
Closure type
Pull On",https://m.media-amazon.com/images/I/614-FJaWt4L._AC_SY445_.jpg,https://www.amazon.com/blibean-Dresses-Shoulder-Homecoming-Lavender/dp/B0C74729J4/ref=sr_1_68
Arshiner Girls Dress Flutter Sleeve A-Line Button Down Sundress Casual Midi Dresses for 4-12 Years Kids,$22.99,4.6,"Fabric type
65% Cotton, 35% Polyester
Origin
Imported
Closure type
Pull On
Neck style
Scoop Neck",https://m.media-amazon.com/images/I/51ezGvSQCKL._AC_SX342_.jpg,https://www.amazon.com/Arshiner-Summer-Flutter-Sleeve-Sundress/dp/B09VNSRWZG/ref=sr_1_69
The Children'S Place Girls Short Sleeve Basic Skater Dress,$19.99,4.6,"Fabric type
100% Cotton
Care instructions
Machine Wash
Origin
Imported
Closure type
Pull On",https://m.media-amazon.com/images/I/61J2BWdkq8L._AC_SX342_.jpg,https://www.amazon.com/Childrens-Place-Girls-Short-Sleeve/dp/B08HM97M8F/ref=sr_1_70
blibean Girls Cotton Short Sleeve Dresses Lace Semi Formal Dress Size 6-15 Years,$22.13,4.5,"Fabric type
100% Cotton
Closure type
Pull On
Neck style
Crew Neck
Sleeve type
Short Sleeve",https://m.media-amazon.com/images/I/616sxoMY4eL._AC_SY445_.jpg,https://www.amazon.com/blibean-Summer-Sleeve-Dresses-Clothes/dp/B0DJM2JBDV/ref=sr_1_71
Arshiner Girls Summer Spaghetti Strap Dresses Flowy Tiered Ruched Smocked Back Casual Beach Midi Sundress,$22.99,4.9,"Fabric type
97% Polyester, 3% Spandex
Care instructions
Machine Wash
Origin
Imported
Neck style
Halter Neck",https://m.media-amazon.com/images/I/71AL-GitT0L._AC_SX342_.jpg,https://www.amazon.com/Arshiner-Special-Occasion-Spaghetti-Sundress/dp/B0DXDBP14B/ref=sr_1_72
BTween 3-PC Girls Summer Dress Set - Short Sleeve Casual Skater Dresses,$26.38,4.3,"Fabric type
Cotton Blend
Care instructions
Machine Wash
Origin
Imported
Closure type
Pull On",https://m.media-amazon.com/images/I/91J2WWYwZVL._AC_SX466_.jpg,https://www.amazon.com/BTween-3-PC-Girls-Summer-Dress/dp/B0DVBCWNS5/ref=sr_1_73
Chiffon Flowy Dresses Flower Girls Asymmetrical with Ruffles Sleveless Swing Party Gowns A-Line Dress…,$35.90 - $37.08,4.5,"Fabric type
100% Polyester
Care instructions
Hand Wash Only
Origin
Imported
Closure type
Zipper",https://m.media-amazon.com/images/I/61qS6GRFY-L._AC_SY445_.jpg,https://www.amazon.com/Galawaqe-Chiffon-Dresses-Asymmetrical-Sleveless/dp/B0B4VJFZ2V/ref=sr_1_74
Bumeex Girl's Dresses Cotton Ruffle Sleeve Tiered Swing A-Line Cute Midi Casual Sundress,$22.99,4.6,"Fabric type
100% Cotton
Care instructions
Machine Wash
Origin
Imported
Closure type
Pull On",https://m.media-amazon.com/images/I/61Rg44JE9mL._AC_SX342_.jpg,https://www.amazon.com/Sundress-Dresses-Clothes-Outfits-Clothing/dp/B0CTCN49N5/ref=sr_1_75
blibean Tween Girls Elegant Ruffle Sleeve Dresses Size 6-15 Years,$30.26,4.5,"Fabric type
97% Polyester, 3% Spandex
Closure type
Pull On
Neck style
Crew Neck
Sleeve type
Short Sleeve",https://m.media-amazon.com/images/I/61VOv43D8BL._AC_SY445_.jpg,https://www.amazon.com/blibean-Summer-Ruffle-Dresses-Clothes/dp/B0CWRN3C1G/ref=sr_1_76
Arshiner Girls Halter Neck Sleeveless Dress Casual Flowy Smocked Cute Summer Dress for 5-12 Years,$29.99 - $30.99,4.6,"Fabric type
100% Polyester
Care instructions
Machine Wash
Origin
Imported
Closure type
Pull On",https://m.media-amazon.com/images/I/71Jyj2vZRkL._AC_SX342_.jpg,https://www.amazon.com/Arshiner-Summer-Shoulder-Dresses-Pleasted/dp/B0BZ7VWFWP/ref=sr_1_77
Disney Girls' Fantasy Gown Nightgown,$24.99,4.8,"Fabric type
100% Polyester
Care instructions
Machine Wash
Origin
Imported",https://m.media-amazon.com/images/I/81TND17+Q9L._AC_SX385_.jpg,https://www.amazon.com/Disney-Princess-Fantasy-Nightgown-AURORA/dp/B0B9894RWR/ref=sr_1_78
Toddler Girls Cotton Embroidery Applique Short Sleeve Dresses 2-7Y,$18.99,4.7,"Fabric type
100% Cotton
Care instructions
Machine Wash
Origin
Imported
Closure type
Pull On",https://m.media-amazon.com/images/I/61hqqAxZv6L._AC_SX342_.jpg,https://www.amazon.com/Funnymore-Toddler-Outfits-Playwear-Clothes/dp/B0CRDYB3MX/ref=sr_1_79
"Pink Angel 3-Pack Girls' Dresses, Kids Casual Fit and Flare Sleeveless Summer Dress & School Outfit, 100% Cotton",$6.99,4.6,"Fabric type
100% Cotton
Care instructions
Machine Wash
Origin
Imported
Closure type
Pull On",https://m.media-amazon.com/images/I/814fQWTXzqL._AC_SX385_.jpg,https://www.amazon.com/Pink-Angel-3-Pack-Dresses-Sleeveless/dp/B0CT616GRB/ref=sr_1_80
blibean Tween Girl Fashion Swing Dress Boho A-line Dresses 4-13 Years,$19.54,4.7,"Fabric type
95% Polyester, 5% Elastane
Care instructions
Machine Wash
Origin
Imported
Closure type
Pull On",https://m.media-amazon.com/images/I/614j8HZMyjL._AC_SY445_.jpg,https://www.amazon.com/blibean-Casual-Sleeve-Bohemian-Vestido/dp/B09WHLYWD3/ref=sr_1_81
"Girls Dresses, Toddler Dress, Little Toddler Girls' Flower Summer Strap Dresses,Backless Cute Floral Sundress for Kids",$13.99,4.2,"Fabric type
Cotton blend
Care instructions
Hand Wash Only
Origin
Imported
Closure type
Pull On",https://m.media-amazon.com/images/I/61BkukMGlBL._AC_SX385_.jpg,https://www.amazon.com/Kumrabal-Sleeveless-Princess-Backless-Sundress/dp/B0BZ78VVW9/ref=sr_1_82
Imily Bela Girls Summer Short Sleeve Dress A Line Swing Basic Skater Twirl Party Dresses 5-14 Years,$12.99 - $17.99,4.4,"Fabric type
61% Polyester, 33% Viscose, 6% Elastane
Care instructions
Machine Wash
Origin
Imported
Closure type
Pull On",https://m.media-amazon.com/images/I/613QDATJnHL._AC_SY445_.jpg,https://www.amazon.com/Imily-Bela-Summer-Sleeve-Dresses/dp/B0DZ5FSGQ5/ref=sr_1_83
Girls Summer Dresses Square Neck Lantern Sleeve Tie Backless Ruffle A-Line Party Mini Dress,$30.26 - $31.86,4.4,"Fabric type
65% Rayon, 35% Polyester
Care instructions
Machine Wash
Origin
Imported
Closure type
Tie",https://m.media-amazon.com/images/I/61-YkTKJgyL._AC_SY445_.jpg,https://www.amazon.com/Summer-Dresses-Square-Lantern-Backless/dp/B0CP6S2PRF/ref=sr_1_84
"Calvin Klein Girls' Legacy Party Dress, Fit and Flare Silhouette",$10.01 - $31.99,4.6,"Fabric type
100% Polyester
Care instructions
Machine Wash
Origin
Imported
Closure type
Zipper",https://m.media-amazon.com/images/I/8118sWmwDyL._AC_SY445_.jpg,https://www.amazon.com/Calvin-Klein-Sleeveless-Silhouette-Neckline/dp/B0B25RTVZV/ref=sr_1_85
Touched by Nature Girls' One Size Organic Cotton Short Long-Sleeve Dresses,$9.59 - $16.99,4.6,"Fabric type
100% Cotton
Care instructions
Machine Wash
Origin
Imported
Closure type
Pull On",https://m.media-amazon.com/images/I/81ejjyFk86L._AC_SX385_.jpg,https://www.amazon.com/Touched-Nature-Organic-Cotton-Lemons/dp/B07JB8X3D3/ref=sr_1_86
Arshiner Girls Summer Maxi Dresses Short Sleeve Casual Flowy Tiered Dress with Pockets for 4-14 Years,$12.55,4.4,"Fabric type
62%Polyester34%Cotton4%Spandex
Care instructions
Machine Wash
Origin
Imported
Closure type
Pull On",https://m.media-amazon.com/images/I/61OPzzjgLAL._AC_SX342_.jpg,https://www.amazon.com/Arshiner-Summer-Dresses-Sleeve-Pockets/dp/B0DNYXBLDQ/ref=sr_1_87
blibean Tween Girls Elegant Dresses Kids Summer Ruffle Sleeve Dress Size 4-15 Years Old,$30.26,4.5,"Fabric type
100% Polyester
Care instructions
Machine Wash
Origin
Imported
Closure type
Button",https://m.media-amazon.com/images/I/71dMd8shAbL._AC_SY445_.jpg,https://www.amazon.com/blibean-Dresses-Preteen-Clothes-X-Large/dp/B0BLH46Q5N/ref=sr_1_88
Flofallzique Floral Girls' Dress Summer Ruffle Sleeve Tie Back Casual Boho Sundress for Birtrhday Tea Party,$30.26,4.8,"Fabric type
Polyester+ cotton lining
Care instructions
Machine Wash
Origin
Imported
Closure type
Tie",https://m.media-amazon.com/images/I/81NrxdNLPYL._AC_SX385_.jpg,https://www.amazon.com/Flofallzique-Floral-Dresse-Summer-Birthday/dp/B0BQ3HWLQ1/ref=sr_1_89
Speechless Girls' Short Sleeve Faux Wrap Knit Ruffled Dress,$15.29 - $16.24,4.4,"Fabric type
96% Polyester, 4% Spandex; Lining: 100% Polyester
Care instructions
Hand Wash Only
Origin
Imported
Closure type
Pull On",https://m.media-amazon.com/images/I/81nJRHG3HqL._AC_SX342_.jpg,https://www.amazon.com/Speechless-Girls-Short-Sleeve-Ruffled/dp/B08J8JX8P1/ref=sr_1_90
"PATPAT Girls' Short Sleeve Dresses Multipack – Quick-Dry Fabric, Tie-Dye & Leopard Prints for Toddlers & Big Girls 2-10 T",$14.99 - $19.99,4.4,"Fabric type
Polyester 96%, Spandex 4%
Care instructions
Machine Wash
Origin
Imported
Closure type
Pull On",https://m.media-amazon.com/images/I/81IGr2aU3AL._AC_SY445_.jpg,https://www.amazon.com/PATPAT-Dresses-Multipack-Quick-Dry-Tie-Dye/dp/B0DNMBFT7G/ref=sr_1_91
NHDBCUF Girls' Swiss Dot Dress Kids Casual Babydoll V-Neck Flowy A Line Party Swing Mini Dresses for 5-14 Years,$31.99,4.4,"Fabric type
100% Polyester
Care instructions
Machine Wash, Hand Wash Only
Origin
Imported
Closure type
Tie",https://m.media-amazon.com/images/I/71SMqNzyUgL._AC_SY445_.jpg,https://www.amazon.com/Girls-V-Neck-Casual-Babydoll-Dresses/dp/B0BK4FXPDD/ref=sr_1_92
The Children's Place Girls' Sleeveless Dressy Dresses,$7.72 - $32.95,4.6,"Fabric type
60% Cotton, 40% Polyester
Care instructions
Machine Wash
Origin
Imported
Closure type
Pull On",https://m.media-amazon.com/images/I/81LEq5H76+L._AC_SX342_.jpg,https://www.amazon.com/Childrens-Place-Sleeve-Everday-Dresses/dp/B0CZ7P3F4L/ref=sr_1_93
HOSIKA Girls Summer Ruffle Short Sleeve Crew Neck Loose Casual Flowy Tiered Short Dress with Pockets for 6-12 Y,$25.63,4.6,"Fabric type
95% Polyester, 5% Spandex
Care instructions
Machine Wash
Origin
Made in USA or Imported
Closure type
Pull On",https://m.media-amazon.com/images/I/61-BT0VVXXL._AC_SY445_.jpg,https://www.amazon.com/HOSIKA-Sleeve-Ruffle-School-Pockets/dp/B0D5M7WR5D/ref=sr_1_94
GRACE KARIN Girls Dress Summer Tie Back Party Dress Ruffle Sleeve Smoke Tiered Special Occasions Maxi Tween Dresses Size 5-14,$24.28 - $25.98,4.7,"Fabric type
98% Polyester, 2% Viscose
Care instructions
Machine Wash
Origin
Imported
Closure type
Elastic",https://m.media-amazon.com/images/I/71X7RpCqe3L._AC_SX342_.jpg,https://www.amazon.com/Girls-Dresses-10-12-Ruffle-Casual/dp/B0CPYDDRSX/ref=sr_1_95
Gymboree Girls' and Toddler Short Sleeve Tiered Dresses,$31.98,4.7,"Fabric type
100% Cotton
Care instructions
Machine Wash
Origin
Imported
Closure type
Pull On",https://m.media-amazon.com/images/I/91KU2GSOysL._AC_SX342_.jpg,https://www.amazon.com/Gymboree-Toddler-Sleeve-Dresses-Narrows/dp/B0DJMN4DXJ/ref=sr_1_96
blibean Tween Girls Embroidery Sleeve Dress Summer Outfits 6-15 Years,$25.63,4.6,"Fabric type
65% Polyester, 30% Viscose, 5% Elastane
Care instructions
Machine Wash
Origin
Imported
Closure type
Pull On",https://m.media-amazon.com/images/I/61OUgkGzVYL._AC_SY445_.jpg,https://www.amazon.com/blibean-Dresses-Fashion-Bohemian-Clothing/dp/B0CLV84BZ1/ref=sr_1_97
Arshiner Girls Tie Back Short Sleeve Ruffle Hem Off Shoulder Casual Elegant Dresses 4-12 Years,$22.39,4.6,"Fabric type
100% Polyester
Care instructions
Machine Wash, Hand Wash Only
Origin
Imported
Closure type
Tie",https://m.media-amazon.com/images/I/51-HPQp5mpL._AC_SX342_.jpg,https://www.amazon.com/Arshiner-Sleeves-Dresses-Sundress-11-12Y/dp/B09QRQPY9S/ref=sr_1_98
DreamHigh Flower Girl's Floral-Embroidered Pearl Embellished Evening Dress Up 3-10Y,$26.98 - $29.98,4.4,"Fabric type
80% Polyester, 20% Cotton
Care instructions
Hand Wash Only
Origin
Made in the USA or Imported",https://m.media-amazon.com/images/I/61tFg7P+07L._AC_SX385_.jpg,https://www.amazon.com/DreamHigh-Flower-Floral-Embroidered-Embellished-Evening/dp/B078JR97QK/ref=sr_1_101
Speechless Girls' Short Sleeve Faux Wrap Knit Ruffled Dress,$15.29 - $16.24,4.4,"Fabric type
96% Polyester, 4% Spandex; Lining: 100% Polyester
Care instructions
Hand Wash Only
Origin
Imported
Closure type
Pull On",https://m.media-amazon.com/images/I/81nJRHG3HqL._AC_SX342_.jpg,https://www.amazon.com/Speechless-Girls-Short-Sleeve-Ruffled/dp/B08J8JX8P1/ref=sr_1_102
Disney Princess Frozen Elsa Minnie Mouse Toddler Girl Dress Bow Strap Smocked Summer Outfit Birthday Party Clothes 2-6 Years,$18.98,4.8,"Fabric type
100% Polyester
Care instructions
Machine Wash
Origin
Imported
Closure type
Pull On",https://m.media-amazon.com/images/I/71Omh-injhL._AC_SY445_.jpg,https://www.amazon.com/Disney-Princess-Dress-Toddler-Girls/dp/B0CQM5RTJW/ref=sr_1_103
Arshiner Girls Summer Dress Tie Back Short Sleeve Square Neck Tiered Midi Casual Dresses with Pockets,$19.79 - $32.99,4.7,"Fabric type
100% Polyester
Care instructions
Machine Wash
Origin
Imported
Neck style
Square Neck",https://m.media-amazon.com/images/I/71yyZCLq7IL._AC_SX342_.jpg,https://www.amazon.com/Arshiner-Rainbow-Summer-Wedding-Dresses/dp/B0DN1QJZHY/ref=sr_1_104
Poroka Girls Ruffle Sleeve Dress Tiered Swing A-Line Twirly Skater Dresses Kids Midi Casual Summer Sundress with Pockets,$9.99 - $14.99,4.8,"Fabric type
Solid and Color-Block: 100% Cotton; Printed: 95% Polyester+5% Spandex
Origin
Imported",https://m.media-amazon.com/images/I/815CLcRL79L._AC_SY445_.jpg,https://www.amazon.com/Poroka-Ruffle-Dresses-Sundress-Pockets/dp/B0DQDDCLCX/ref=sr_1_105
Arshiner Girls Maxi Dress Long/Short Sleeve Casual Holiday Dress with Pockets for 5-13 Years,$22.49 - $26.99,4.6,"Fabric type
100% Polyester
Care instructions
Machine Wash
Origin
Imported
Closure type
Pull On",https://m.media-amazon.com/images/I/61vuga8dwNL._AC_SX342_.jpg,https://www.amazon.com/Arshiner-Sleeve-Summer-Holiday-Pockets/dp/B0BQBNKQPR/ref=sr_1_106
The Children's Place Girls' Short Sleeve Ruffle Polo Dress,$19.98,4.7,"Fabric type
100% Cotton
Care instructions
Machine Wash
Origin
Imported
Closure type
Pull On",https://m.media-amazon.com/images/I/61TIGGsLoVL._AC_SX342_.jpg,https://www.amazon.com/Childrens-Place-Sleeve-Ruffle-Medium/dp/B0BSVQZGB6/ref=sr_1_101
Arshiner Girls Summer Maxi Dresses Short Sleeve Casual Flowy Tiered Dress with Pockets for 4-14 Years,$21.59,4.4,"Fabric type
62%Polyester34%Cotton4%Spandex
Care instructions
Machine Wash
Origin
Imported
Closure type
Pull On",https://m.media-amazon.com/images/I/61OPzzjgLAL._AC_SX342_.jpg,https://www.amazon.com/Arshiner-Summer-Dresses-Sleeve-Pockets/dp/B0DNYXBLDQ/ref=sr_1_102
Toddler Girls Cotton Embroidery Applique Short Sleeve Dresses 2-7Y,$14.99,4.7,"Fabric type
100% Cotton
Care instructions
Machine Wash
Origin
Imported
Closure type
Pull On",https://m.media-amazon.com/images/I/61hqqAxZv6L._AC_SX342_.jpg,https://www.amazon.com/Funnymore-Toddler-Outfits-Playwear-Clothes/dp/B0CRDYB3MX/ref=sr_1_103
Gymboree Girls' and Toddler Short Sleeve Tiered Dresses,$31.98,4.7,"Fabric type
100% Cotton
Care instructions
Machine Wash
Origin
Imported
Closure type
Pull On",https://m.media-amazon.com/images/I/91KU2GSOysL._AC_SX342_.jpg,https://www.amazon.com/Gymboree-Toddler-Sleeve-Dresses-Narrows/dp/B0DJMN4DXJ/ref=sr_1_104
GRACE KARIN Girls Sequin Dress Formal Party Elegant Fancy Girls Maxi Long Dress for 5-14Y,$34.27,4.7,"Fabric type
90%Polyester, 10%Elastane
Care instructions
Machine Wash
Origin
Imported
Closure type
Zipper",https://m.media-amazon.com/images/I/71egahrL2SL._AC_SX342_.jpg,https://www.amazon.com/GRACE-KARIN-Halter-Sequin-Sleeveless/dp/B0C8NN4LQ2/ref=sr_1_109
ekidsbridal V-Back Satin Flower Girl Dress Toddler Communion Gown Formal Dresses 219,$25.40,4.6,"Fabric type
Tulle; Satin Polyester
Care instructions
Hand Wash Only
Origin
Made in USA or Imported
Closure type
Button",https://m.media-amazon.com/images/I/91RB0o7tmAL._AC_SX342_.jpg,https://www.amazon.com/ekidsbridal-V-Back-Toddler-Communion-Dresses/dp/B0BMW9ZG6S/ref=sr_1_110
storeofbaby Girls Casual Maxi Floral Dress Long Sleeve Holiday Dresses with Pockets,$19.54,4.7,"Fabric type
Polyester blend
Care instructions
Machine Wash
Origin
Imported
Closure type
Pull On",https://m.media-amazon.com/images/I/71MuABqaw9L._AC_SY445_.jpg,https://www.amazon.com/storeofbaby-Dress-Floral-Empire-Pockets/dp/B09NY76X9K/ref=sr_1_111
Imily Bela Girls A-Line Halter Dress Junior Bridesmaid Flower Girl Flowy Chiffon Maxi Dresses Wedding Party Pageant Gown,$53.23 - $56.04,4.5,"Fabric type
100% Polyester
Care instructions
Machine Wash
Origin
Imported
Closure type
Pull On",https://m.media-amazon.com/images/I/61rf8dr9tOL._AC_SY445_.jpg,https://www.amazon.com/Imily-Bela-Bridesmaid-Chiffon-Wedding/dp/B0C7CJR9KR/ref=sr_1_112
GRACE KARIN Girls Dress Summer Tie Back Party Dress Ruffle Sleeve Smoke Tiered Special Occasions Maxi Tween Dresses Size 5-14,$24.28 - $25.98,4.7,"Fabric type
98% Polyester, 2% Viscose
Care instructions
Machine Wash
Origin
Imported
Closure type
Elastic",https://m.media-amazon.com/images/I/71X7RpCqe3L._AC_SX342_.jpg,https://www.amazon.com/Girls-Dresses-10-12-Ruffle-Casual/dp/B0CPYDDRSX/ref=sr_1_113
Toddler Girls Spring Dress Little Girl Rainbow Summer Dresses for Girls Sleeveless Sundress with Bag Outfits,$9.99,4.5,"Fabric type
Cotton Blend
Care instructions
Machine Wash
Origin
Imported
Closure type
Pull On",https://m.media-amazon.com/images/I/61c05gN51TL._AC_SX342_.jpg,https://www.amazon.com/Mioglrie-Toddler-Dresses-Sleeveless-Sundress/dp/B0DS7SY1BW/ref=sr_1_114
GRACE KARIN Girls Fall Dress Long Sleeve Floral Holiday Party Dresses for Girl 5-12Y,$9.99 - $12.99,4.7,"Fabric type
98% Polyester, 2% Viscose
Care instructions
Machine Wash
Origin
Imported
Closure type
Zipper",https://m.media-amazon.com/images/I/817IkpSshxL._AC_SY445_.jpg,https://www.amazon.com/GRACE-KARIN-Sleeve-Holiday-Dresses/dp/B0D5QM241C/ref=sr_1_115
Gymboree Girls' and Toddler Sleeveless Dresses,$12.74,4.2,"Fabric type
55% Linen, 45% Rayon
Care instructions
Machine Wash
Origin
Imported
Closure type
Button",https://m.media-amazon.com/images/I/81C8mveLjdL._AC_SX342_.jpg,https://www.amazon.com/Gymboree-Toddler-Sleeveless-Dresses-Tropical/dp/B0DSLSLPN2/ref=sr_1_116
GRACE KARIN Girls Summer Floral Dress Sleeveless Double Layer Hem Sundress Holiday Casual Dress 6-12Y,$17.99,4.7,"Fabric type
95% Polyester, 5% Elastane
Care instructions
Machine Wash
Origin
Imported
Closure type
Pull On",https://m.media-amazon.com/images/I/71th0T+0jaL._AC_SX342_.jpg,https://www.amazon.com/GRACE-KARIN-Sundress-Sleeveless-Holiday/dp/B0DRZX5DLN/ref=sr_1_117
Arshiner Girls Dress One Shoulder Formal Ruffle Trim Birthday Party Dresses with Belted Pockets for 5-12 Years,$26.99 - $32.99,4.6,"Fabric type
93% Polyester, 7% Spandex
Care instructions
Hand Wash Only
Origin
Imported
Closure type
Tie",https://m.media-amazon.com/images/I/61Uog8VP8YL._AC_SX342_.jpg,https://www.amazon.com/Arshiner-Shoulder-Daughter-Dresses-Clothes/dp/B0DNPM5JKH/ref=sr_1_118
Arshiner Girls Dresses Flutter Sleeve A-Line Sundress Casual Summer Tiered Swing Midi Pocket Dress,$29.99 - $34.99,4.6,"Fabric type
60% Polyester, 35% Cotton, 5% Spandex
Care instructions
Machine Wash
Origin
Imported
Closure type
Pull On",https://m.media-amazon.com/images/I/81L-R1G38QL._AC_SX342_.jpg,https://www.amazon.com/Arshiner-Spring-Floral-Flutter-Sleeve/dp/B0CR66X5XL/ref=sr_1_119
GRACE KARIN Girls Summer Sleeveless Ruffle Dress Swiss Dot Spring Sundress Flowing Tiered Layers Midi Casual Dress 5-12Y,$29.68,4.8,"Fabric type
98% Polyester, 2% Viscose
Care instructions
Machine Wash
Origin
Imported
Closure type
Pull On",https://m.media-amazon.com/images/I/71wEU6Mj8RL._AC_SX342_.jpg,https://www.amazon.com/GRACE-KARIN-Sleeveless-Sundress-Flowing/dp/B0DR7QSGPT/ref=sr_1_120
HILEELANG Little Girls Cotton Dress Sleeveless Casual Summer Sundress Flower Printed Jumper Skirt,$13.49,4.3,"Fabric type
100% Cotton
Care instructions
Machine Wash
Origin
Imported
Closure type
Pull On",https://m.media-amazon.com/images/I/71j-P58YU8L._AC_SX385_.jpg,https://www.amazon.com/HILEELANG-Sleeveless-Sundress-Printed-greenpeacock/dp/B07CSQYTSY/ref=sr_1_121
Arshiner Tween Girls Summer Dress Formal Ruffle Sleeve A Line Casual Elegant Dresses with Belt,$26.38 - $32.98,4.6,"Fabric type
100% Polyester
Care instructions
Machine Wash
Origin
Imported
Closure type
Button",https://m.media-amazon.com/images/I/71wLB5hHVxL._AC_SX342_.jpg,https://www.amazon.com/Arshiner-Wedding-Special-Occasion-Dresses/dp/B0CQ8BFQ6M/ref=sr_1_122
Arshiner Girls Dresses Formal Party Wedding Tulle Sleeveless Contrast Mesh High Low Dress with Belt,$28.04,4.4,"Fabric type
92% Polyester, 8% Spandex
Care instructions
Machine Wash
Origin
Imported
Closure type
Pull On",https://m.media-amazon.com/images/I/818K99qIyTL._AC_SX342_.jpg,https://www.amazon.com/Arshiner-Special-Occasion-Sparkly-Sundress/dp/B0DMTK9CSV/ref=sr_1_123
Haloumoning Girls Ruffle Short Sleeve Smocked Summer Dress Kids Square Neck A Line Flowy Mini Dresses 5-14 Years,$31.86,4.5,"Fabric type
100% Polyester
Care instructions
Machine Wash
Origin
Imported
Closure type
Pull On",https://m.media-amazon.com/images/I/61sFl2N-9OL._AC_SY445_.jpg,https://www.amazon.com/Haloumoning-Ruffle-Sleeve-Smocked-Dresses/dp/B0DLB595CX/ref=sr_1_124
Touched by Nature Girls' One Size Organic Cotton Short Long-Sleeve Dresses,$9.59 - $16.99,4.6,"Fabric type
100% Cotton
Care instructions
Machine Wash
Origin
Imported
Closure type
Pull On",https://m.media-amazon.com/images/I/81ejjyFk86L._AC_SX385_.jpg,https://www.amazon.com/Touched-Nature-Organic-Cotton-Lemons/dp/B07JB8X3D3/ref=sr_1_125
GRACE KARIN Girls Halter Neck Sequin Dress 6-14Y Kids Fancy Formal Party Prom Sparkly Pageant Birthday Graduation Dresses,$35.13,4.7,"Fabric type
90%Polyester+10%Elastane
Care instructions
Machine Wash
Origin
Imported
Closure type
Zipper",https://m.media-amazon.com/images/I/719EU3lOekL._AC_SX385_.jpg,https://www.amazon.com/GRACE-KARIN-Rainbow-Birthday-Graduation/dp/B0D6W4TDF1/ref=sr_1_126
DANI CHINS Girls Knit Sleeveless Tutu Dress Colorful Tulle Dresses,$6.99,4.5,"Fabric type
100% Cotton Top, 100% Polyester Bottom
Care instructions
Machine Wash
Origin
Imported
Closure type
Pull On",https://m.media-amazon.com/images/I/61guKU2ab7L._AC_SY445_.jpg,https://www.amazon.com/DaniChins-Girls-Sleeveless-Dress-Colorful/dp/B0D12LGZ7R/ref=sr_1_127
HILEELANG Little Girls Short Sleeve Dresses Easter Summer Cotton Casual Skater Swing Twirly Sundress,$16.14,4.7,"Fabric type
100% Cotton
Care instructions
Machine Wash
Origin
Imported
Closure type
Pull On",https://m.media-amazon.com/images/I/61v1Lp2TUTL._AC_SX385_.jpg,https://www.amazon.com/HILEELANG-Summer-Ruffle-Playwear-Sundress/dp/B0BYN325Y4/ref=sr_1_128
Toddler Baby Girls Dress Sleeveless Ruffle Baby Girls Summer Dress Casual Solid Floral Little Kid Boho Beach Sundress,$8.30,4.9,"Fabric type
100% Polyester
Care instructions
Machine Wash
Origin
Imported
Closure type
Pull On",https://m.media-amazon.com/images/I/61Xr73yDJAL._AC_SX466_.jpg,https://www.amazon.com/Dalukit-Toddler-Sleeveless-Ruffle-Sundress/dp/B0DRFZ6W6D/ref=sr_1_129
Arshiner Girls Dresses Contrast Mesh Long Sleeve Twirly High Low Birthday Party Formal Dress,$23.99 - $29.99,4.3,"Fabric type
95% Polyester, 5% Spandex
Care instructions
Machine Wash
Origin
Imported
Closure type
Pull On",https://m.media-amazon.com/images/I/71wwnKOTcmL._AC_SX342_.jpg,https://www.amazon.com/Arshiner-Black-Sleeve-Formal-Dresses/dp/B0DFGQM5NH/ref=sr_1_130
Haloumoning Girls Swiss Dot Spaghetti Strap Dress Kids Summer Flowy Sleeveless Ruffle Sundress 5-14 Years,$28.99,4.6,"Fabric type
100% Polyester
Care instructions
Machine Wash
Origin
Imported
Closure type
Pull On",https://m.media-amazon.com/images/I/61DA+XTQUSL._AC_SY445_.jpg,https://www.amazon.com/Haloumoning-Spaghetti-Summer-Sleeveless-Sundress/dp/B0DQ59F18N/ref=sr_1_131
The Children'S Place Girls Short Sleeve Picque Polo Dress,$9.48 - $28.27,4.7,"Fabric type
100% Cotton
Care instructions
Machine Wash
Origin
Imported
Closure type
Pull On",https://m.media-amazon.com/images/I/61eMyI3S-WL._AC_SX342_.jpg,https://www.amazon.com/Childrens-Place-Girls-Short-Sleeve/dp/B07JFT1148/ref=sr_1_132
GRACE KARIN Girls Floral Maxi Dress Square Neck Wide Straps Smocked Summer Spring Flowy Dress 5-14Y,$28.49 - $28.79,4.6,"Fabric type
98% Polyester, 2% Viscose
Care instructions
Machine Wash
Origin
Imported
Closure type
Pull On",https://m.media-amazon.com/images/I/61706qqO-VL._AC_SX342_.jpg,https://www.amazon.com/GRACE-KARIN-Easter-Spring-Hawaiian/dp/B0DP2TGYYW/ref=sr_1_133
Weileenice Vintage Off The Shoulder Flower Girl Dress Lace Embroidery Little/Big Girls Wedding Bridesmaid Holiday Ballgown,$37.40 - $42.79,4.2,"Fabric type
Polyester, Viscose
Care instructions
Hand Wash Only
Origin
Imported
Closure type
Zipper",https://m.media-amazon.com/images/I/91fLXtgftZL._AC_SX385_.jpg,https://www.amazon.com/Weileenice-Shoulder-Embroidery-Bridesmaid-Birthday/dp/B0BZ8XGR6W/ref=sr_1_134
GRACE KARIN Girls Summer Floral Dress Sleeveless Maxi Flowy Hawiian Beach Party Dress 5-14 Years,$23.80,4.3,"Fabric type
98% Polyester, 2% Viscose
Care instructions
Machine Wash
Origin
Imported
Closure type
Hook & Eye",https://m.media-amazon.com/images/I/71icWsIJD2L._AC_SX342_.jpg,https://www.amazon.com/GRACE-KARIN-Floral-Sleeveless-Spring/dp/B0CNRQD81Q/ref=sr_1_135
"PATPAT Girls' Short Sleeve Dresses Multipack – Quick-Dry Fabric, Tie-Dye & Leopard Prints for Toddlers & Big Girls 2-10 T",$14.99 - $19.99,4.4,"Fabric type
Polyester 96%, Spandex 4%
Care instructions
Machine Wash
Origin
Imported
Closure type
Pull On",https://m.media-amazon.com/images/I/81IGr2aU3AL._AC_SY445_.jpg,https://www.amazon.com/PATPAT-Dresses-Multipack-Quick-Dry-Tie-Dye/dp/B0DNMBFT7G/ref=sr_1_136
GRACE KARIN Girls Summer Dress Flutter Sleeve Lace A-Line Sundress Casual Elegant Midi Dresses with Pockets for 5-12 Years,$34.18,4.8,"Fabric type
65%Polyester+26%Viscose+9%Polyamide
Care instructions
Machine Wash
Origin
Imported
Closure type
Hook & Eye",https://m.media-amazon.com/images/I/71DJx09--8L._AC_SX342_.jpg,https://www.amazon.com/GRACE-KARIN-Flutter-Sundress-Elegant/dp/B0DRCYGSFN/ref=sr_1_137
Flofallzique Girls Summer Dress Tie Back Flutter Sleeve Kids Birthday Party Midi Sundress for 3-12 Years,$7.49 - $9.99,4.8,"Fabric type
100% Polyester
Care instructions
Machine Wash
Origin
Imported
Closure type
Tie",https://m.media-amazon.com/images/I/81qSQMVOoRL._AC_SY445_.jpg,https://www.amazon.com/Flofallzique-Summer-Flutter-Birthday-Sundress/dp/B0DQKCCNL9/ref=sr_1_138
The Children's Place Baby Girls' and Toddler Short Sleeve Casual Dresses,$13.80,4.7,"Fabric type
60% Cotton, 40% Polyester
Care instructions
Machine Wash
Origin
Imported
Closure type
Pull On",https://m.media-amazon.com/images/I/812AOUDEw7L._AC_SX342_.jpg,https://www.amazon.com/Childrens-Place-Baby-Girls-Toddler-Everyday/dp/B0DJ9YYL81/ref=sr_1_139
Arshiner Girls Dress Summer Ruffle Sleeve Mesh A Line Casual Party Dresses with Pockets 6-13 Years,$19.99 - $24.49,4.6,"Fabric type
95% Polyester, 5% Spandex
Care instructions
Hand Wash Only
Origin
Imported
Closure type
Pull On",https://m.media-amazon.com/images/I/61JtJg7An0L._AC_SX342_.jpg,https://www.amazon.com/Arshiner-Summer-Ruffle-Dresses-Pockets/dp/B0BV6T88BW/ref=sr_1_140
Arshiner Girls Dresses Tulle Bow Tie Back Puff Sleeve Party Holiday Spring Summer Dress for 6-16,$24.49,4.6,"Fabric type
93% Polyester, 7% Spandex
Care instructions
Machine Wash
Origin
Imported
Fit type
Regular",https://m.media-amazon.com/images/I/71eCpOJSscL._AC_SX342_.jpg,https://www.amazon.com/Arshiner-Easter-Dresses-Summer-Wedding/dp/B0DWFRYPQQ/ref=sr_1_141
HILEELANG Little Flower Girl Tulle Tutu Dress Easter Cotton Ribbed Birthday Wedding Party Princess Dresses,$19.99,4.6,"Fabric type
94%Cotton
Care instructions
Machine Wash
Origin
Imported
Closure type
Pull On",https://m.media-amazon.com/images/I/510WWb5J5KL._AC_SX385_.jpg,https://www.amazon.com/HILEELANG-Toddler-Flutter-Wedding-Princess/dp/B0DR8LGH14/ref=sr_1_142
Disney Frozen Elsa Princess Minnie Mouse Stitch Toddler Girl Dresses 2 Pack Sleeveless and Ruffle Sleeve Dress Set 2-13 Years,$17.98,4.5,"Fabric type
Naia
Care instructions
Machine Wash
Closure type
Pull On
Neck style
Crew Neck",https://m.media-amazon.com/images/I/71Dd0jDZT7L._AC_SY445_.jpg,https://www.amazon.com/Disney-Dress-Toddler-Sleeveless-Bluewhite/dp/B0CXTC2NX6/ref=sr_1_143
blibean Girls Summer Flower Dresses Semi Formal Lace Wedding Dress Size 6-15 Years,$24.69 - $25.99,4.6,"Fabric type
100% Polyester
Closure type
Pull On
Neck style
Crew Neck
Sleeve type
Short Sleeve",https://m.media-amazon.com/images/I/61HugoG69eL._AC_SY445_.jpg,https://www.amazon.com/blibean-Dresses-Elegant-Wedding-Clothes/dp/B0DJM62XH1/ref=sr_1_144
"Girls Elegant Princess Cold Shoulder Fold Pleated High Waist Flared A Line Party Dresses,8-14 Years",$31.19,4.6,"Fabric type
100% Polyester
Care instructions
Machine Wash
Origin
Imported
Closure type
Pull On",https://m.media-amazon.com/images/I/518+WmJbAbL._AC_SX342_.jpg,https://www.amazon.com/LuckyShe-Princess-Dresses-Elegant-Shoulder/dp/B0C1BSS8N7/ref=sr_1_145
Arshiner Girls Summer Dress Tween Flutter Sleeve High Low Formal Dresses for Wedding Party with Pocket,$26.38,4.3,"Fabric type
92% Polyester, 8% Spandex
Care instructions
Machine Wash
Origin
Imported
Closure type
Pull On",https://m.media-amazon.com/images/I/711jaq9o7aL._AC_SX342_.jpg,https://www.amazon.com/Arshiner-Easter-Summer-Formal-Dresses/dp/B0DMTJB492/ref=sr_1_146
Toddler Girl Summer Dress Infant Baby Girl Casual Clothes Sleeveless Bowknot Beach Sundress with Hat,$13.99 - $22.99,4.4,"Fabric type
100% Polyester
Care instructions
Machine Wash
Origin
Imported
Closure type
Button",https://m.media-amazon.com/images/I/71EUeZbe59L._AC_SX342_.jpg,https://www.amazon.com/Toddler-Clothes-Sleeveless-Headband-Outfits/dp/B0DRTG5ZR1/ref=sr_1_149
Arshiner Girls Dresses Summer One Shoulder Ruffle Sleeveless Formal Fancy Party Birthday Tulle Dress with Belted,$14.78,4.5,"Fabric type
92%Polyeste,8%Spandex
Care instructions
Machine Wash
Origin
Imported
Closure type
Pull On",https://m.media-amazon.com/images/I/71tYNvo8BoL._AC_SX342_.jpg,https://www.amazon.com/Arshiner-Communion-Bridesmaid-Shoulder-Sundress/dp/B0DNN7WBWH/ref=sr_1_150
PATPAT Little Big Girls Dress Vintage Boho Floral Ruffle Short Sleeve Casual Swing Dress with Braided Belt,$26.08,4.8,"Fabric type
95% Polyester, 5% Spandex
Care instructions
Machine Wash
Origin
Imported
Closure type
Pull On",https://m.media-amazon.com/images/I/81c2MCOrqVL._AC_SY445_.jpg,https://www.amazon.com/PATPAT-Little-Vintage-Floral-Braided/dp/B0CXJ37F68/ref=sr_1_151
GRACE KARIN Flower Girl Dress V-Back Sequin Party Tulle Dresses Kids Birthday Formal Wedding Pageant Princess Dress 5-12,$29.99 - $30.39,4.4,"Fabric type
95%Polyamide+5%Elastane
Care instructions
Machine Wash
Origin
Imported
Closure type
Zipper",https://m.media-amazon.com/images/I/61s5RK998SL._AC_SX342_.jpg,https://www.amazon.com/GRACE-KARIN-Birthday-Wedding-Pageant/dp/B0DMT35VFN/ref=sr_1_152
Amazon Essentials x Sofia Grainge Toddlers and Baby Girls' Puff Sleeve Dress,$12.99,4.8,"Fabric type
100% Cotton
Care instructions
Machine Wash Warm, Tumble Dry Low
Origin
Imported
Closure type
Zipper",https://m.media-amazon.com/images/I/81lyn3jlyLL._AC_SX385_.jpg,https://www.amazon.com/Amazon-Essentials-Grainge-Toddler-Paisley/dp/B0DN24XDD6/ref=sr_1_153
Acecharming Girls Dresses Sequin Flower Girls Party Dress Bridesmaid Ball Gown Wedding Tulle 3-10 Years,$19.99 - $33.99,4.2,"Fabric type
Cotton,Sequined
Care instructions
Hand Wash Only
Closure type
Pull On
Neck style
Round Neck",https://m.media-amazon.com/images/I/71kXfHAxfoL._AC_SX385_.jpg,https://www.amazon.com/Acecharming-Dresses-Princess-Birthday-Bridesmaid/dp/B017EAJ75W/ref=sr_1_154
Hudson Baby Baby Girls' Cotton Dress and Cardigan Set,$12.04 - $13.99,4.7,"Fabric type
100% Cotton
Care instructions
Machine Wash
Origin
Imported",https://m.media-amazon.com/images/I/81icQIYKxAL._AC_SX385_.jpg,https://www.amazon.com/Hudson-Baby-Cotton-Cardigan-Todder/dp/B07QX7XFCZ/ref=sr_1_149
Arshiner Girls Dress Contrast Mesh Puffy Short Sleeve A Line Casual Party Dress 3-12 Years,$17.81,4.4,"Fabric type
92% Polyester, 8% Spandex
Care instructions
Machine Wash
Origin
Imported
Closure type
Pull On",https://m.media-amazon.com/images/I/71JKcczPHyL._AC_SY445_.jpg,https://www.amazon.com/Arshiner-Dresses-Elastic-Sleeve-Baptism/dp/B0CNPP59WD/ref=sr_1_150
GRACE KARIN Girls Floral Dress Summer Backless Chiffon Sleeveless Casual Boho Maxi Dresses 5-14Y,$28.99,4.7,"Fabric type
98% Polyester, 2% Viscose
Care instructions
Machine Wash
Origin
Imported
Closure type
Pull On",https://m.media-amazon.com/images/I/71ThInaIhzL._AC_SX342_.jpg,https://www.amazon.com/GRACE-KARIN-Chiffon-Sleeveless-Dresses/dp/B0DPCC9ZP2/ref=sr_1_151
Arshiner Girl's Spaghetti Strap Button Down Midi Sleeveless Summer Casual Sundress A-line Dress with Pockets,$28.99,4.6,"Fabric type
95% cotton and 5% spandex
Care instructions
Hand Wash Only
Origin
Imported
Closure type
Button",https://m.media-amazon.com/images/I/611TRwLbo8L._AC_SX342_.jpg,https://www.amazon.com/Arshiner-Sleeveless-Spaghetti-Button-Pockets/dp/B083JGYG6N/ref=sr_1_152
Arshiner Girls Dresses Summer Short Sleeve Off Shoulder Ruffle Tiered Layer Party Dress,$23.24 - $29.69,4.5,"Fabric type
100% Polyester
Care instructions
Machine Wash
Origin
Imported
Closure type
Pull On",https://m.media-amazon.com/images/I/71tqEAhh+YL._AC_SX342_.jpg,https://www.amazon.com/Arshiner-Summer-Shoulder-Sleeve-Dresses/dp/B0CQT2W1Q1/ref=sr_1_157
Arshiner Toddler Tutu Dress Little Girls Summer Tulle Backless Party Birthday Cotton Dresses 2-6Y,$28.78,4.6,"Fabric type
60% Polyester, 35% Cotton, 5% Spandex
Care instructions
Machine Wash
Origin
Imported
Closure type
Tie",https://m.media-amazon.com/images/I/61duuOaaVcL._AC_SX342_.jpg,https://www.amazon.com/Arshiner-Dresses-Toddler-Girls-Summer/dp/B0CYQF1L9W/ref=sr_1_158
Nileafes Toddler Summer Dress Baby Girl Strap Floral A Line Dress Sleeveless Beach Butterfly Sundress for Toddler Girl,$16.98,4.5,"Fabric type
100% Polyester
Care instructions
Hand Wash Only
Origin
Imported
Closure type
Pull On",https://m.media-amazon.com/images/I/71kb-jGqTKL._AC_SX385_.jpg,https://www.amazon.com/Nileafes-Butterflies-Embroidery-Princess-107-Green/dp/B0D5CBSR5X/ref=sr_1_159
GRACE KARIN Girls Elegant Dress Off Shoulder A-Line Casual Party Dresses for 6-14 Years,$38.99,4.6,"Fabric type
90% Polyester, 10% Elastane
Care instructions
Machine Wash
Origin
Imported
Closure type
Zipper",https://m.media-amazon.com/images/I/41Xv-MnnhDL._AC_SY445_.jpg,https://www.amazon.com/GRACE-KARIN-Princess-Shoulder-Bowknot/dp/B0DPMY4ZC7/ref=sr_1_160
Arshiner Girls Summer Dress Tween Boho Casual Smocked Swing Flowy Ruffle Midi Dresses with Pockets,$22.94,4.7,"Fabric type
100% Polyester
Care instructions
Machine Wash
Origin
Imported
Closure type
Pull On",https://m.media-amazon.com/images/I/81wr6sn3qUL._AC_SX342_.jpg,https://www.amazon.com/Arshiner-Easter-Dresses-Wedding-Pockets/dp/B0DN1JPVT1/ref=sr_1_161
blibean Teen Girls Summer Dresses Smocked Sleeveless Sundresses with Pockets Size 6-15 Years,$28.99,4.3,"Fabric type
62%Polyester+32%Cotton+6%Elastane
Care instructions
Machine Wash
Origin
Imported
Closure type
Pull On",https://m.media-amazon.com/images/I/610tj3R8gZL._AC_SY445_.jpg,https://www.amazon.com/blibean-Sundresses-Smocked-Ruffled-Sleeveless/dp/B0DH1R5G88/ref=sr_1_162
Gymboree Girls' and Toddler Long Sleeve Sweater Dresses,$14.08 - $26.35,4.7,"Fabric type
42% Polyester, 35% Recycled Poly, 13% Acrylic, 10% Nylon
Care instructions
Machine Wash
Origin
Imported
Closure type
Pull On",https://m.media-amazon.com/images/I/71kn0Cqc9jL._AC_SX342_.jpg,https://www.amazon.com/Gymboree-Toddler-Sleeve-Casual-Dresses/dp/B0D84NZTG8/ref=sr_1_163
Arshiner Girls Maxi Summer Short Flutter Sleeve Casual Dress with Pockets for 4-14 Y,$30.87,4.2,"Fabric type
62%Polyester34%Cotton4%Spandex
Care instructions
Machine Wash
Origin
Imported
Closure type
Pull On",https://m.media-amazon.com/images/I/61IzcuxWmAL._AC_SX342_.jpg,https://www.amazon.com/Arshiner-Summer-Flutter-Sleeve-Pockets/dp/B0DPK34LQQ/ref=sr_1_164
"Girls Sequin Flower Dress - Birthday Party Dresses for Girls Age 3-12 Year Old, High-Low Sleeveless Dresses for Kids",$17.99,4.1,"Fabric type
100% Polyester
Care instructions
Hand Wash Only
Origin
Imported
Closure type
Button",https://m.media-amazon.com/images/I/61Vt5SpSTVL._AC_SX385_.jpg,https://www.amazon.com/WIKITOT-Girls-Sequin-Flower-Dress/dp/B0DVLKYQS3/ref=sr_1_165
GRACE KARIN Flower Girls Chiffon Dresses A-Line Halter Junior Bridesmaid Girl Flowy Sequin Dresses Wedding Party Pageant Gown,$28.99 - $30.99,4.6,"Fabric type
98% Polyester, 2% Viscose
Care instructions
Hand Wash Only
Origin
Imported
Closure type
Hook & Eye",https://m.media-amazon.com/images/I/611wZBpmw0L._AC_SX342_.jpg,https://www.amazon.com/GRACE-KARIN-Dresses-Bridesmaid-Chiffon/dp/B0DPFZ5P6K/ref=sr_1_166
Girls Floral Dress Tie Back Flutter Sleeves Dresses Summer Casual A-Line Dress for 5-12Y,$10.99 - $14.99,4.8,"Fabric type
Shell:98%Polyester+2%Viscose, Lining:97%Polyester+5% Spandex
Care instructions
Machine Wash
Origin
Imported
Neck style
Square Neck",https://m.media-amazon.com/images/I/71YE0r+xVNL._AC_SX342_.jpg,https://www.amazon.com/Seanrui-Dresses-Shoulder-Holiday-Junior/dp/B0DT483QN7/ref=sr_1_167
JerrisApparel Flower Girls Dress Wedding Satin Dresses Princess Birthday Party Prom Ball Gown,$9.35,4.5,"Fabric type
100% Polyester
Care instructions
Hand Wash Only
Origin
Imported
Closure type
Zipper",https://m.media-amazon.com/images/I/71FlN-WPK5L._AC_SX342_.jpg,https://www.amazon.com/JerrisApparel-Wedding-Dresses-Princess-Birthday/dp/B0CNRKQ885/ref=sr_1_168
GRACE KARIN Girls Summer Boho Dresses Square Neck Smocked Sundresses Casual Sleeveless Maxi Dress for Girls 5-12Y,$14.99 - $19.99,4.8,"Fabric type
98% Polyester, 2% Viscose
Care instructions
Machine Wash
Origin
Imported
Closure type
Elastic",https://m.media-amazon.com/images/I/61ez43psbJL._AC_SX342_.jpg,https://www.amazon.com/GRACE-KARIN-Dresses-Sundresses-Sleeveless/dp/B0DQPRXMMG/ref=sr_1_169
Little Girls Dress Sequin Pink Rainbow Dress Flower Girl Dress Easter Dress Light up Princess Dresses for Toddler Girls Kids Costume for Brithday Wedding Party,$32.99,4.5,N/A,https://m.media-amazon.com/images/I/71uBWB1-frL._AC_SX425_.jpg,https://www.amazon.com/Davvew-Princess-Halloween-Christmas-Brithday/dp/B0D9LBC7KH/ref=sr_1_170?th=1
Haloumoning Girls Tulle Dress Kids Summer Backless Flower Girl Dress for Birthday Party 5-14Y,$31.99,4.0,"Fabric type
61% Polyester, 33% Cotton, 6% Spandex
Care instructions
Machine Wash
Origin
Imported
Closure type
Tie",https://m.media-amazon.com/images/I/61AX4xGkcDL._AC_SY445_.jpg,https://www.amazon.com/Haloumoning-Summer-Backless-Flower-Birthday/dp/B0DP3ZJ8P1/ref=sr_1_171
Haloumoning Girls Contrast Mesh Puff Short Sleeve Dress Kids High Waist A Line Casual Dresses with Pockets 4-14 Years,$11.99 - $14.99,4.4,"Fabric type
92%Polyester, 8%Elastane
Care instructions
Machine Wash
Origin
Imported
Closure type
Pull On",https://m.media-amazon.com/images/I/611iyvhmtbL._AC_SY445_.jpg,https://www.amazon.com/Haloumoning-Contrast-Sleeve-Dresses-Pockets/dp/B0DPHNSCQB/ref=sr_1_172
Arshiner Tween Girls Dress Formal Contrast Mesh Short Sleeve A Line Party Dresses with Pockets for 5-12 Years,$9.35,4.4,"Fabric type
93% Polyester, 7% Spandex
Care instructions
Hand Wash Only
Origin
Imported
Closure type
Pull On",https://m.media-amazon.com/images/I/61U1OK+UKvL._AC_SX342_.jpg,https://www.amazon.com/Arshiner-Contrast-Funeral-Dresses-Clothes/dp/B0D93RYHX9/ref=sr_1_173
NNJXD Girl Dress Kids Ruffles Lace Party Wedding Dresses,$28.48 - $29.98,4.5,"Fabric type
65% polyester,35% viscose
Care instructions
Dry Clean Only
Origin
Imported
Closure type
Zipper",https://m.media-amazon.com/images/I/61wAgky3KqL._AC_SX385_.jpg,https://www.amazon.com/NNJXD-C47-B130-NNJXD-Girl-Dress-Kids-Ruffles-Lace-Party-Wedding-Dresses-Size-130-5-6-Years-White/dp/B00N12SBNM/ref=sr_1_174
Flower Girl Lace Back V-Neck Dress Full-Length Floral Embroidered Toddler Tutu Tulle Dresses for Girls,$29.98 - $31.98,4.6,"Fabric type
Cotton blend
Care instructions
Hand Wash or Machine Wash
Origin
Imported
Closure type
Pull On",https://m.media-amazon.com/images/I/71fWQcq0wPL._AC_SX342_.jpg,https://www.amazon.com/DeeFant-Full-Length-Embroidered-Toddler-Dresses/dp/B0F1TDX499/ref=sr_1_175
AmzBarley Girls Printed Dress Sleeveless Summer Dresses for Girls Casual Midi Tiered Swing Dress Kids Skater Dress 1-10Years,$19.98,4.5,"Fabric type
100% Polyester
Care instructions
Machine Wash
Origin
Imported
Closure type
Pull On",https://m.media-amazon.com/images/I/61F1jnqhkSL._AC_SY445_.jpg,https://www.amazon.com/AmzBarley-Printed-Sleeveless-Summer-Dresses/dp/B0CXDR2XZX/ref=sr_1_176
Hudson Baby Baby Girls' Cotton Dresses,$12.74,4.6,"Fabric type
100% Cotton
Care instructions
Machine Wash
Origin
Imported
Closure type
Pull On",https://m.media-amazon.com/images/I/81loLZbyCPL._AC_SX385_.jpg,https://www.amazon.com/Hudson-Baby-Toddler-Dresses-Stripes/dp/B07VKT92GS/ref=sr_1_177
Amazon Essentials Girls and Toddlers' Cotton Strappy Midi Dress,$14.49 - $16.10,4.6,"Fabric type
100% Cotton
Care instructions
Machine Wash Warm, Tumble Dry Low
Origin
Imported
Closure type
Pull On",https://m.media-amazon.com/images/I/91VQ5FNdTIL._AC_SX385_.jpg,https://www.amazon.com/Amazon-Essentials-Cotton-Playdress-Floral/dp/B0DGX7X5NY/ref=sr_1_178
EXARUS Girls Flowy Ruffled Hem/Puff Bubble Dress Ruched Teen Summer Adjustable Spaghetti Strap Casual Cami Mini Dresses,$28.99 - $31.99,4.3,"Fabric type
100% Polyester
Care instructions
Hand Wash Only
Origin
Imported
Closure type
Zipper",https://m.media-amazon.com/images/I/71TopobpoQL._AC_SY445_.jpg,https://www.amazon.com/EXARUS-Adjustable-Spaghetti-Dresses-Vacations/dp/B0DZ627LZ1/ref=sr_1_179
GRACE KARIN Girls Summer Dress Spaghetti Strap Midi Casual Sundress Sleeveless Party Elegant Dress 5-12Y,$29.74,4.6,"Fabric type
80%Viscose, 20%Polyamide
Care instructions
Machine Wash
Origin
Imported
Closure type
Pull On",https://m.media-amazon.com/images/I/712SzThKMmL._AC_SX342_.jpg,https://www.amazon.com/GRACE-KARIN-Spaghetti-Elegant-Sundress/dp/B0DPHRBHMB/ref=sr_1_180
Arshiner Girls Summer Floral Ruffle Sundress Cold Shoulder Casual Holiday Dresses,$28.99,4.4,"Fabric type
95% Polyester, 5% Spandex
Care instructions
Machine Wash
Origin
Imported
Closure type
Pull On",https://m.media-amazon.com/images/I/51KWc7JDbVL._AC_SX342_.jpg,https://www.amazon.com/Arshiner-Floral-Shoulder-Holiday-Vintage/dp/B09ZXT973G/ref=sr_1_181
Arshiner Toddler Girl Summer Dress Little Girls Casual Beach Party Bowknot Sling Sundress with Pocket 1-7t,$16.14,4.7,"Fabric type
60% Polyester,35% Cotton,5% Spandex
Care instructions
Machine Wash
Origin
Imported
Closure type
Pull On",https://m.media-amazon.com/images/I/71ZRFjBXF4L._AC_SX342_.jpg,https://www.amazon.com/Arshiner-Summer-Toddler-Graduation-Flutter/dp/B0CQT2GKTR/ref=sr_1_182
Kids Girls Golf Outfit Toddler Girl Sleeveless Golf Dress Summer A Line Polo Dresses Athletic Workout Clothes,$19.78,5.0,"Fabric type
95% Polyester, 5% Elastane
Care instructions
Machine Wash
Origin
Imported
Closure type
Zipper",https://m.media-amazon.com/images/I/71wI9Z+9iiL._AC_SX385_.jpg,https://www.amazon.com/Rourufy-Toddler-Sleeveless-Dresses-Athletic/dp/B0F7RL8V27/ref=sr_1_183
Girls Summer Floral Dresses Tie Back Flutter Sleeves Casual Spring Dress for 4-12 Years,$24.99,4.4,"Fabric type
Polyester Blend
Care instructions
Machine Wash
Origin
Imported
Closure type
Pull On",https://m.media-amazon.com/images/I/71WODQKJK3L._AC_SX385_.jpg,https://www.amazon.com/Summer-Floral-Dresses-Flutter-Sleeves/dp/B0DT6QNQTB/ref=sr_1_184
HOSIKA Girls Maxi Dress Ruffle Sleeve Swiss Dot A Line Tiered Flowy Casual Party Dresses with Pockets for 6-12 Y,$34.18,4.5,"Fabric type
95% Polyester, 5% Spandex
Care instructions
Machine Wash
Origin
Made in USA or Imported
Neck style
Crew Neck",https://m.media-amazon.com/images/I/51T1R3D5xAL._AC_SY445_.jpg,https://www.amazon.com/HOSIKA-Ruffle-Dresses-Pockets-Apricot/dp/B0DR88Y274/ref=sr_1_185
GRACE KARIN Girls Spring Dress Flutter Sleeve Girls Tie Back Summer Dress 5-12Y,$25.98,4.6,"Fabric type
98% Polyester, 2% Viscose
Care instructions
Machine Wash
Origin
Imported
Closure type
Pull On",https://m.media-amazon.com/images/I/71XeFIufXPL._AC_SX342_.jpg,https://www.amazon.com/GRACE-KARIN-Flutter-Sleeve-Casual/dp/B0DRNGLSY9/ref=sr_1_186
Arshiner Girls Tie Back Dress Spaghetti Strap Ruffle Hem Casual Summer Beach Sundress with Pockets,$22.94 - $32.99,4.6,"Fabric type
62%Polyester34%Cotton4%Spandex
Care instructions
Machine Wash
Sleeve type
Sleeveless",https://m.media-amazon.com/images/I/71zN9GOTdfL._AC_SX342_.jpg,https://www.amazon.com/Arshiner-Dresses-Adjustable-Wedding-Pockets/dp/B0DSVLLSTR/ref=sr_1_187
PATPAT Girl's Maxi Dress Boho Short Sleeve Long Dresses Casual Sundress with Pockets 5-14 Years,$17.99 - $23.99,4.7,"Fabric type
95% Lyocell/5% Elastane + 97% Polyester/3% Elastane
Care instructions
Machine Wash
Origin
Imported
Neck style
Crew Neck",https://m.media-amazon.com/images/I/61lcXzKw4CL._AC_SY445_.jpg,https://www.amazon.com/PATPAT-Casual-Vacation-Dresses-Pockets/dp/B0F2F493F3/ref=sr_1_188
Girls Dress Sloping Shoulder Bridesmaid Wedding Princess Children's Bow Birthday Ball Party Show Evening Lavender,$30.99 - $32.99,4.6,"Fabric type
65% Polyester, 35% Cotton
Care instructions
Hand Wash Only
Origin
Imported
Closure type
Zipper",https://m.media-amazon.com/images/I/815GhBRoElL._AC_SX385_.jpg,https://www.amazon.com/BUNNY-LULU-Bridesmaid-Childrens-9-10Years/dp/B09ZY7TCFH/ref=sr_1_189
Arshiner Toddler Dress Little Girls Summer Cotton Backless High Low Hem Beach Casual Sundress with Pockets,$19.98 - $22.98,4.6,"Fabric type
60% polyester,35% cotton,5% spandex
Care instructions
Machine Wash
Origin
Imported
Closure type
Tie",https://m.media-amazon.com/images/I/61xq41kTL7L._AC_SX342_.jpg,https://www.amazon.com/Arshiner-Summer-Cotton-Casual-Sundress/dp/B0CY22NXBX/ref=sr_1_190
Little Toddler Girl Sporty Dress Summer Clothes Ruffle Sleeveless Kids Dresses Sport Causal Beach Sundress Girl Outfits,$17.99,4.6,"Fabric type
Cotton Blend
Neck style
Crew Neck
Sleeve type
Sleeveless
Fit type
Regular",https://m.media-amazon.com/images/I/81rk9WhdtML._AC_SX342_.jpg,https://www.amazon.com/Toddler-Clothes-Sleeveless-Dressess-Sundress/dp/B0DQSJH8MT/ref=sr_1_191
The Children's Place Baby Girls' and Toddler Short Sleeve Pique Polo Dress Drop Waist,$12.20 - $15.27,4.8,"Care instructions
Machine Wash
Origin
Imported
Closure type
Pull On
Neck style
Collared Neck",https://m.media-amazon.com/images/I/71fXAXFJLdL._AC_SY445_.jpg,https://www.amazon.com/Childrens-Place-girls-Short-Sleeve/dp/B08HM8J28X/ref=sr_1_192
GRACE KARIN Girls Summer Dresses Tie Back Smocked A-Line Ruffle Hem Casual Elegant Midi Sundress Size 5-12 Years,$25.98,4.9,"Fabric type
98% Polyester, 2% Viscose
Care instructions
Machine Wash
Origin
Imported
Closure type
Tie",https://m.media-amazon.com/images/I/71Y5tiBx-CL._AC_SX342_.jpg,https://www.amazon.com/GRACE-KARIN-Dresses-Smocked-Sundress/dp/B0DRCX9TMR/ref=sr_1_193
LQSZ Girls Summer Dresses with Ruffle Short Sleeve Midi Casual A-Line Twirly School Sundress Size 3-12 Years,$18.29 - $19.99,4.2,"Fabric type
65%Polyester, 35%Spandex
Care instructions
Machine Wash
Origin
Imported
Closure type
Pull On",https://m.media-amazon.com/images/I/718MtCv5KpL._AC_SX385_.jpg,https://www.amazon.com/LQSZ-Summer-Dresses-Sundress-Purple/dp/B0DPVZZCZK/ref=sr_1_194
Arshiner Girls Summer Dress Tween Boho Casual Bowknot Strap Sleeveless Swing Flowy Ruffle Tiered Sundresses with Pockets,$22.99,4.4,"Fabric type
62%Polyester34%Cotton4%Spandex
Care instructions
Machine Wash
Origin
Imported
Closure type
Pull On",https://m.media-amazon.com/images/I/61n9VOjZYOL._AC_SX342_.jpg,https://www.amazon.com/Arshiner-Easter-Summer-Bowknot-Sundresses/dp/B0DQ6X2NJR/ref=sr_1_197
Arshiner Girls' Summer Sundress Boho Spaghetti Strap Ruffled Tiered Dresses Casual Midi Cami Dress,$22.99,4.7,"Fabric type
100% Polyester
Care instructions
Machine Wash
Origin
Imported
Closure type
Pull On",https://m.media-amazon.com/images/I/81UVutfAS9L._AC_SX342_.jpg,https://www.amazon.com/Arshiner-Sundress-Blue-Floral-Spaghetti-Ruffled/dp/B0DRL6W1GX/ref=sr_1_198
Arshiner Tween Girls Dress Ruffle Sleeve Elastic Straps Smocked A-Line Tulle Summer Long Patry Birthday Sundress,$27.19 - $31.99,4.5,"Fabric type
95% Polyester, 5% Spandex
Care instructions
Machine Wash
Sleeve type
Sleeveless",https://m.media-amazon.com/images/I/61qil3RoRkL._AC_SX342_.jpg,https://www.amazon.com/Arshiner-Sleeveless-Smocked-Wedding-Dresses/dp/B0DNMXSJ4C/ref=sr_1_199
GRACE KARIN Girls Summer Dress One Shoulder Tiered Spring Party Birthday Formal Maxi Dresses Size 5-14,$9.99 - $19.99,4.2,"Fabric type
95% Polyester, 5% Elastane
Care instructions
Machine Wash
Origin
Imported
Closure type
Pull On",https://m.media-amazon.com/images/I/71-mLzlEXIL._AC_SX342_.jpg,https://www.amazon.com/GRACE-KARIN-Dresses-Shoulder-Birthday/dp/B0D1VNRNZ3/ref=sr_1_200
Disney Princess Frozen Elsa Minnie Mouse Girls Dress Sleeveless Casual Summer Outfit School Holiday Clothes Baby-Toddler,$26.99,4.7,"Fabric type
67% Polyester, 5% Spandex, 28% Acetate
Care instructions
Machine Wash
Origin
Imported
Closure type
Pull On",https://m.media-amazon.com/images/I/71qL2bB1ZCL._AC_SY445_.jpg,https://www.amazon.com/Disney-Dress-Colorful-Sundress-Sleeveless/dp/B0DQQ33LLY/ref=sr_1_201
Tao-Ge Christmas Tutu Dress for Girls Tulle Dresses Fairy Princess Dress for Kids Toddler Little Girl Birthday Party Outfit,$25.99 - $29.99,4.1,"Fabric type
Tulle
Care instructions
Hand Wash Only
Origin
Made in the USA
Fur description
Halloween tutu tulle dress for girls",https://m.media-amazon.com/images/I/61mtBEXrUuS._AC_SY445_.jpg,https://www.amazon.com/Handmade-Dresses-Birthday-Photography-Occasion/dp/B094QSCWZV/ref=sr_1_202
GRACE KARIN Girls Bow Back Dress Summer Beach Party Casual Sundress Ruffle Backless Dress for Teens Girls Size 6-14,$24.49,4.2,"Fabric type
98% Cotton, 2% Polyester
Care instructions
Machine Wash
Origin
Imported
Closure type
Elastic",https://m.media-amazon.com/images/I/61HnD-VsUGL._AC_SX342_.jpg,https://www.amazon.com/GRACE-KARIN-Easter-Birthday-Clothes/dp/B0DP78G1FR/ref=sr_1_197
Vogseek 2-6T Toddler Girl Bowknot Dress Kids Summer Flutter Sleeve Dresses Elastic Ruffle Sundress,$18.99,2.5,"Fabric type
95% POLYESTE 5% SPANDEX
Care instructions
Machine Wash
Origin
Imported
Closure type
Elastic",https://m.media-amazon.com/images/I/61R6NwacxpL._AC_SX342_.jpg,https://www.amazon.com/One-Piece-Children-Skin-Friend-Butterflys-Sundress/dp/B0DSHHXFZF/ref=sr_1_198
